X,CH1,CH2,Start,Increment,
Sequence,Volt,Volt,-1.200000e-04,2.000000e-07
0,-4.00e+00,4.00e-01,
1,0.00e+00,-2.00e-01,
2,-2.00e+00,4.00e-01,
3,-4.00e+00,-2.00e-01,
4,-4.00e+00,4.00e-01,
5,0.00e+00,0.00e+00,
6,-4.00e+00,4.00e-01,
7,0.00e+00,-2.00e-01,
8,-4.00e+00,4.00e-01,
9,0.00e+00,-2.00e-01,
10,-4.00e+00,4.00e-01,
11,0.00e+00,-2.00e-01,
12,-4.00e+00,4.00e-01,
13,0.00e+00,-2.00e-01,
14,-4.00e+00,4.00e-01,
15,0.00e+00,-2.00e-01,
16,-4.00e+00,4.00e-01,
17,-2.00e+00,-2.00e-01,
18,-4.00e+00,4.00e-01,
19,0.00e+00,-2.00e-01,
20,-2.00e+00,4.00e-01,
21,-4.00e+00,-2.00e-01,
22,-4.00e+00,4.00e-01,
23,0.00e+00,-2.00e-01,
24,-4.00e+00,4.00e-01,
25,0.00e+00,-2.00e-01,
26,-4.00e+00,4.00e-01,
27,0.00e+00,-2.00e-01,
28,-2.00e+00,4.00e-01,
29,-4.00e+00,-2.00e-01,
30,-4.00e+00,4.00e-01,
31,0.00e+00,-2.00e-01,
32,-4.00e+00,4.00e-01,
33,0.00e+00,-2.00e-01,
34,-4.00e+00,0.00e+00,
35,0.00e+00,4.00e-01,
36,-4.00e+00,4.00e-01,
37,0.00e+00,-2.00e-01,
38,-4.00e+00,4.00e-01,
39,0.00e+00,0.00e+00,
40,-4.00e+00,4.00e-01,
41,0.00e+00,-2.00e-01,
42,-4.00e+00,4.00e-01,
43,0.00e+00,-2.00e-01,
44,-4.00e+00,4.00e-01,
45,0.00e+00,-2.00e-01,
46,-4.00e+00,0.00e+00,
47,-2.00e+00,4.00e-01,
48,-4.00e+00,0.00e+00,
49,0.00e+00,4.00e-01,
50,-4.00e+00,4.00e-01,
51,0.00e+00,-2.00e-01,
52,-4.00e+00,4.00e-01,
53,0.00e+00,-2.00e-01,
54,-4.00e+00,4.00e-01,
55,0.00e+00,-2.00e-01,
56,-4.00e+00,4.00e-01,
57,0.00e+00,0.00e+00,
58,-4.00e+00,4.00e-01,
59,0.00e+00,0.00e+00,
60,-4.00e+00,0.00e+00,
61,0.00e+00,4.00e-01,
62,-4.00e+00,4.00e-01,
63,0.00e+00,-2.00e-01,
64,-4.00e+00,4.00e-01,
65,0.00e+00,-2.00e-01,
66,-4.00e+00,0.00e+00,
67,0.00e+00,4.00e-01,
68,-4.00e+00,-2.00e-01,
69,0.00e+00,6.00e-01,
70,-4.00e+00,4.00e-01,
71,0.00e+00,0.00e+00,
72,0.00e+00,1.00e+00,
73,-4.40e+01,-8.00e-01,
74,-3.20e+01,4.00e-01,
75,-3.60e+01,-2.00e-01,
76,-3.40e+01,-2.00e-01,
77,-3.80e+01,4.00e-01,
78,-3.40e+01,4.00e-01,
79,-3.80e+01,0.00e+00,
80,-4.20e+01,4.00e-01,
81,-3.20e+01,-9.40e+00,
82,-3.80e+01,-5.80e+00,
83,-3.60e+01,-6.80e+00,
84,-3.80e+01,-4.80e+00,
85,1.60e+01,-7.80e+00,
86,-6.00e+00,-6.20e+00,
87,-2.00e+00,-7.00e+00,
88,-2.00e+00,-6.20e+00,
89,-6.00e+00,-7.00e+00,
90,-4.00e+00,-7.20e+00,
91,0.00e+00,-6.20e+00,
92,-8.00e+00,-7.00e+00,
93,6.00e+00,5.20e+00,
94,0.00e+00,2.00e-01,
95,-4.00e+00,-2.00e-01,
96,-4.00e+00,-2.00e-01,
97,0.00e+00,4.00e-01,
98,-4.00e+00,-2.00e-01,
99,0.00e+00,4.00e-01,
100,-4.00e+00,0.00e+00,
101,0.00e+00,4.00e-01,
102,-4.00e+00,4.00e-01,
103,0.00e+00,0.00e+00,
104,-4.00e+00,4.00e-01,
105,0.00e+00,-2.00e-01,
106,-4.00e+00,0.00e+00,
107,0.00e+00,4.00e-01,
108,-4.00e+00,4.00e-01,
109,0.00e+00,-2.00e-01,
110,-4.00e+00,4.00e-01,
111,0.00e+00,-2.00e-01,
112,-4.00e+00,4.00e-01,
113,0.00e+00,-2.00e-01,
114,-4.00e+00,0.00e+00,
115,0.00e+00,4.00e-01,
116,-4.00e+00,4.00e-01,
117,0.00e+00,-2.00e-01,
118,-2.00e+00,4.00e-01,
119,-4.00e+00,-2.00e-01,
120,-4.00e+00,4.00e-01,
121,0.00e+00,-2.00e-01,
122,-4.00e+00,4.00e-01,
123,0.00e+00,-2.00e-01,
124,-4.00e+00,4.00e-01,
125,0.00e+00,0.00e+00,
126,-2.00e+00,4.00e-01,
127,-4.00e+00,-2.00e-01,
128,-4.00e+00,4.00e-01,
129,0.00e+00,-2.00e-01,
130,-4.00e+00,4.00e-01,
131,0.00e+00,-2.00e-01,
132,-4.00e+00,4.00e-01,
133,0.00e+00,-2.00e-01,
134,-4.00e+00,0.00e+00,
135,-2.00e+00,4.00e-01,
136,-4.00e+00,4.00e-01,
137,-2.00e+00,-2.00e-01,
138,-4.00e+00,-2.00e-01,
139,-2.00e+00,4.00e-01,
140,-4.00e+00,4.00e-01,
141,0.00e+00,-2.00e-01,
142,-4.00e+00,0.00e+00,
143,0.00e+00,4.00e-01,
144,-4.00e+00,0.00e+00,
145,0.00e+00,4.00e-01,
146,-4.00e+00,4.00e-01,
147,-2.00e+00,-2.00e-01,
148,-4.00e+00,4.00e-01,
149,0.00e+00,-2.00e-01,
150,-4.00e+00,4.00e-01,
151,0.00e+00,-2.00e-01,
152,-2.00e+00,4.00e-01,
153,-4.00e+00,-2.00e-01,
154,-2.00e+00,4.00e-01,
155,-4.00e+00,-2.00e-01,
156,-4.00e+00,4.00e-01,
157,0.00e+00,-2.00e-01,
158,-2.00e+00,4.00e-01,
159,-4.00e+00,-2.00e-01,
160,-4.00e+00,4.00e-01,
161,0.00e+00,-2.00e-01,
162,-4.00e+00,4.00e-01,
163,0.00e+00,-2.00e-01,
164,-4.00e+00,4.00e-01,
165,0.00e+00,-2.00e-01,
166,-4.00e+00,4.00e-01,
167,0.00e+00,-2.00e-01,
168,-4.00e+00,4.00e-01,
169,0.00e+00,-2.00e-01,
170,-4.00e+00,4.00e-01,
171,-2.00e+00,-2.00e-01,
172,-4.00e+00,0.00e+00,
173,0.00e+00,4.00e-01,
174,-2.00e+00,4.00e-01,
175,-4.00e+00,-2.00e-01,
176,-4.00e+00,4.00e-01,
177,0.00e+00,-2.00e-01,
178,-4.00e+00,4.00e-01,
179,0.00e+00,0.00e+00,
180,-4.00e+00,4.00e-01,
181,0.00e+00,-2.00e-01,
182,-4.00e+00,4.00e-01,
183,0.00e+00,-2.00e-01,
184,-4.00e+00,4.00e-01,
185,0.00e+00,-2.00e-01,
186,-4.00e+00,-2.00e-01,
187,0.00e+00,4.00e-01,
188,-4.00e+00,0.00e+00,
189,0.00e+00,4.00e-01,
190,-4.00e+00,4.00e-01,
191,-2.00e+00,-2.00e-01,
192,-4.00e+00,4.00e-01,
193,0.00e+00,-2.00e-01,
194,-4.00e+00,4.00e-01,
195,-2.00e+00,-2.00e-01,
196,-4.00e+00,-2.00e-01,
197,-2.00e+00,4.00e-01,
198,0.00e+00,4.00e-01,
199,-4.00e+00,-2.00e-01,
200,-4.00e+00,4.00e-01,
201,-2.00e+00,-2.00e-01,
202,-4.00e+00,4.00e-01,
203,0.00e+00,-2.00e-01,
204,-4.00e+00,-2.00e-01,
205,0.00e+00,4.00e-01,
206,-4.00e+00,4.00e-01,
207,0.00e+00,-2.00e-01,
208,-4.00e+00,4.00e-01,
209,0.00e+00,-2.00e-01,
210,-4.00e+00,4.00e-01,
211,0.00e+00,-2.00e-01,
212,-2.00e+00,4.00e-01,
213,-4.00e+00,-2.00e-01,
214,-4.00e+00,-2.00e-01,
215,0.00e+00,4.00e-01,
216,-4.00e+00,4.00e-01,
217,0.00e+00,-2.00e-01,
218,-4.00e+00,4.00e-01,
219,0.00e+00,-2.00e-01,
220,-4.00e+00,4.00e-01,
221,0.00e+00,-2.00e-01,
222,-2.00e+00,4.00e-01,
223,-4.00e+00,-2.00e-01,
224,-4.00e+00,4.00e-01,
225,0.00e+00,-2.00e-01,
226,-4.00e+00,4.00e-01,
227,0.00e+00,0.00e+00,
228,-2.00e+00,4.00e-01,
229,-4.00e+00,-2.00e-01,
230,-4.00e+00,4.00e-01,
231,0.00e+00,-2.00e-01,
232,-4.00e+00,0.00e+00,
233,0.00e+00,4.00e-01,
234,-4.00e+00,4.00e-01,
235,0.00e+00,-2.00e-01,
236,-4.00e+00,4.00e-01,
237,-2.00e+00,-2.00e-01,
238,-4.00e+00,4.00e-01,
239,0.00e+00,-2.00e-01,
240,-4.00e+00,0.00e+00,
241,-2.00e+00,4.00e-01,
242,-2.00e+00,0.00e+00,
243,-4.00e+00,4.00e-01,
244,-4.00e+00,4.00e-01,
245,0.00e+00,-2.00e-01,
246,-4.00e+00,4.00e-01,
247,0.00e+00,-2.00e-01,
248,-4.00e+00,4.00e-01,
249,0.00e+00,-2.00e-01,
250,-4.00e+00,4.00e-01,
251,0.00e+00,-2.00e-01,
252,-4.00e+00,4.00e-01,
253,0.00e+00,-2.00e-01,
254,-4.00e+00,4.00e-01,
255,0.00e+00,-2.00e-01,
256,-4.00e+00,4.00e-01,
257,0.00e+00,0.00e+00,
258,-2.00e+00,0.00e+00,
259,-4.00e+00,4.00e-01,
260,-2.00e+00,4.00e-01,
261,-4.00e+00,-2.00e-01,
262,-2.00e+00,4.00e-01,
263,-4.00e+00,-2.00e-01,
264,-4.00e+00,0.00e+00,
265,-2.00e+00,4.00e-01,
266,-4.00e+00,-2.00e-01,
267,-2.00e+00,4.00e-01,
268,-4.00e+00,4.00e-01,
269,0.00e+00,-2.00e-01,
270,-2.00e+00,0.00e+00,
271,-4.00e+00,4.00e-01,
272,-4.00e+00,4.00e-01,
273,-2.00e+00,-2.00e-01,
274,-4.00e+00,4.00e-01,
275,0.00e+00,-2.00e-01,
276,-2.00e+00,-2.00e-01,
277,-4.00e+00,4.00e-01,
278,-2.00e+00,4.00e-01,
279,-4.00e+00,0.00e+00,
280,-4.00e+00,4.00e-01,
281,0.00e+00,-2.00e-01,
282,-4.00e+00,4.00e-01,
283,0.00e+00,-2.00e-01,
284,-2.00e+00,4.00e-01,
285,-4.00e+00,-2.00e-01,
286,-2.00e+00,4.00e-01,
287,-4.00e+00,-2.00e-01,
288,-4.00e+00,4.00e-01,
289,0.00e+00,-2.00e-01,
290,-4.00e+00,4.00e-01,
291,0.00e+00,-2.00e-01,
292,-2.00e+00,4.00e-01,
293,-4.00e+00,-2.00e-01,
294,-4.00e+00,-2.00e-01,
295,0.00e+00,4.00e-01,
296,-4.00e+00,4.00e-01,
297,0.00e+00,-2.00e-01,
298,-4.00e+00,4.00e-01,
299,0.00e+00,-2.00e-01,
300,-2.00e+00,4.00e-01,
301,-4.00e+00,-2.00e-01,
302,-4.00e+00,4.00e-01,
303,-2.00e+00,-2.00e-01,
304,-4.00e+00,4.00e-01,
305,0.00e+00,-2.00e-01,
306,-2.00e+00,4.00e-01,
307,-4.00e+00,-2.00e-01,
308,-4.00e+00,4.00e-01,
309,-2.00e+00,-2.00e-01,
310,-4.00e+00,4.00e-01,
311,0.00e+00,-2.00e-01,
312,-4.00e+00,-2.00e-01,
313,0.00e+00,4.00e-01,
314,-4.00e+00,-2.00e-01,
315,0.00e+00,4.00e-01,
316,-2.00e+00,4.00e-01,
317,-4.00e+00,-2.00e-01,
318,-4.00e+00,4.00e-01,
319,-2.00e+00,-2.00e-01,
320,-4.00e+00,4.00e-01,
321,0.00e+00,-2.00e-01,
322,-4.00e+00,4.00e-01,
323,-2.00e+00,-2.00e-01,
324,-4.00e+00,4.00e-01,
325,-2.00e+00,-2.00e-01,
326,-4.00e+00,4.00e-01,
327,0.00e+00,-2.00e-01,
328,-2.00e+00,4.00e-01,
329,-4.00e+00,-2.00e-01,
330,-4.00e+00,4.00e-01,
331,0.00e+00,0.00e+00,
332,-4.00e+00,-2.00e-01,
333,0.00e+00,4.00e-01,
334,-4.00e+00,4.00e-01,
335,0.00e+00,-2.00e-01,
336,-4.00e+00,4.00e-01,
337,0.00e+00,-2.00e-01,
338,-4.00e+00,4.00e-01,
339,-2.00e+00,-2.00e-01,
340,-4.00e+00,4.00e-01,
341,0.00e+00,-2.00e-01,
342,-4.00e+00,4.00e-01,
343,0.00e+00,-2.00e-01,
344,-2.00e+00,4.00e-01,
345,-4.00e+00,-2.00e-01,
346,-4.00e+00,-2.00e-01,
347,-2.00e+00,4.00e-01,
348,-4.00e+00,4.00e-01,
349,0.00e+00,-2.00e-01,
350,-4.00e+00,4.00e-01,
351,-2.00e+00,-2.00e-01,
352,-2.00e+00,4.00e-01,
353,-4.00e+00,-2.00e-01,
354,-4.00e+00,4.00e-01,
355,-2.00e+00,-2.00e-01,
356,-4.00e+00,4.00e-01,
357,-2.00e+00,-2.00e-01,
358,-4.00e+00,4.00e-01,
359,0.00e+00,-2.00e-01,
360,-4.00e+00,-2.00e-01,
361,0.00e+00,4.00e-01,
362,-4.00e+00,-2.00e-01,
363,-2.00e+00,4.00e-01,
364,-4.00e+00,4.00e-01,
365,0.00e+00,-2.00e-01,
366,-4.00e+00,0.00e+00,
367,0.00e+00,4.00e-01,
368,-4.00e+00,4.00e-01,
369,-2.00e+00,-2.00e-01,
370,-4.00e+00,4.00e-01,
371,-2.00e+00,-2.00e-01,
372,-4.00e+00,4.00e-01,
373,-2.00e+00,-2.00e-01,
374,-2.00e+00,4.00e-01,
375,-4.00e+00,-2.00e-01,
376,-4.00e+00,4.00e-01,
377,-2.00e+00,-2.00e-01,
378,-4.00e+00,-2.00e-01,
379,0.00e+00,4.00e-01,
380,-4.00e+00,4.00e-01,
381,0.00e+00,-2.00e-01,
382,-4.00e+00,4.00e-01,
383,-2.00e+00,-2.00e-01,
384,-2.00e+00,4.00e-01,
385,-4.00e+00,-2.00e-01,
386,-4.00e+00,4.00e-01,
387,0.00e+00,0.00e+00,
388,-4.00e+00,4.00e-01,
389,-2.00e+00,-2.00e-01,
390,-4.00e+00,4.00e-01,
391,0.00e+00,-2.00e-01,
392,-4.00e+00,4.00e-01,
393,0.00e+00,-2.00e-01,
394,-4.00e+00,4.00e-01,
395,0.00e+00,-2.00e-01,
396,0.00e+00,-2.00e-01,
397,-4.00e+00,6.00e-01,
398,-4.00e+00,4.00e-01,
399,0.00e+00,0.00e+00,
400,0.00e+00,-1.00e+00,
401,-4.40e+01,1.00e+00,
402,-3.20e+01,6.00e-01,
403,-3.60e+01,-4.00e-01,
404,-3.40e+01,-2.00e-01,
405,-3.80e+01,4.00e-01,
406,-3.40e+01,4.00e-01,
407,-3.80e+01,0.00e+00,
408,-3.40e+01,4.00e-01,
409,-4.20e+01,-9.20e+00,
410,-3.80e+01,-5.80e+00,
411,-3.60e+01,-6.80e+00,
412,-4.00e+01,-4.80e+00,
413,1.80e+01,-7.80e+00,
414,-6.00e+00,-6.20e+00,
415,-2.00e+00,-6.80e+00,
416,-2.00e+00,-6.40e+00,
417,-6.00e+00,-7.00e+00,
418,-4.00e+00,-6.40e+00,
419,-2.00e+00,-7.00e+00,
420,-1.00e+01,-7.00e+00,
421,6.00e+00,5.00e+00,
422,-4.00e+00,-2.00e-01,
423,0.00e+00,2.00e-01,
424,-4.00e+00,-2.00e-01,
425,0.00e+00,4.00e-01,
426,-2.00e+00,-2.00e-01,
427,-4.00e+00,4.00e-01,
428,-4.00e+00,4.00e-01,
429,0.00e+00,-2.00e-01,
430,-4.00e+00,0.00e+00,
431,0.00e+00,4.00e-01,
432,-2.00e+00,4.00e-01,
433,-4.00e+00,0.00e+00,
434,-4.00e+00,4.00e-01,
435,0.00e+00,-2.00e-01,
436,-2.00e+00,0.00e+00,
437,-4.00e+00,4.00e-01,
438,-4.00e+00,0.00e+00,
439,0.00e+00,4.00e-01,
440,-4.00e+00,4.00e-01,
441,-2.00e+00,-2.00e-01,
442,-2.00e+00,4.00e-01,
443,-4.00e+00,-2.00e-01,
444,-4.00e+00,4.00e-01,
445,0.00e+00,-2.00e-01,
446,-4.00e+00,4.00e-01,
447,0.00e+00,-2.00e-01,
448,-4.00e+00,4.00e-01,
449,0.00e+00,-2.00e-01,
450,-2.00e+00,-2.00e-01,
451,-4.00e+00,4.00e-01,
452,-2.00e+00,4.00e-01,
453,-4.00e+00,-2.00e-01,
454,-4.00e+00,4.00e-01,
455,0.00e+00,-2.00e-01,
456,-2.00e+00,4.00e-01,
457,-4.00e+00,-2.00e-01,
458,-2.00e+00,0.00e+00,
459,-4.00e+00,4.00e-01,
460,-4.00e+00,4.00e-01,
461,0.00e+00,-2.00e-01,
462,-4.00e+00,4.00e-01,
463,-2.00e+00,0.00e+00,
464,-2.00e+00,4.00e-01,
465,-4.00e+00,-2.00e-01,
466,-2.00e+00,4.00e-01,
467,-4.00e+00,-2.00e-01,
468,-4.00e+00,4.00e-01,
469,-2.00e+00,-2.00e-01,
470,-4.00e+00,4.00e-01,
471,0.00e+00,-2.00e-01,
472,-4.00e+00,0.00e+00,
473,0.00e+00,4.00e-01,
474,-4.00e+00,4.00e-01,
475,-2.00e+00,-2.00e-01,
476,-4.00e+00,4.00e-01,
477,0.00e+00,-2.00e-01,
478,-4.00e+00,4.00e-01,
479,0.00e+00,-2.00e-01,
480,-4.00e+00,4.00e-01,
481,0.00e+00,-2.00e-01,
482,-4.00e+00,-2.00e-01,
483,0.00e+00,4.00e-01,
484,-4.00e+00,4.00e-01,
485,-2.00e+00,-2.00e-01,
486,-4.00e+00,4.00e-01,
487,0.00e+00,-2.00e-01,
488,-4.00e+00,0.00e+00,
489,-2.00e+00,4.00e-01,
490,-4.00e+00,4.00e-01,
491,-2.00e+00,-2.00e-01,
492,-2.00e+00,-2.00e-01,
493,-4.00e+00,4.00e-01,
494,-4.00e+00,4.00e-01,
495,-2.00e+00,-2.00e-01,
496,-4.00e+00,4.00e-01,
497,-2.00e+00,0.00e+00,
498,-4.00e+00,4.00e-01,
499,-2.00e+00,-2.00e-01,
500,-4.00e+00,0.00e+00,
501,0.00e+00,4.00e-01,
502,-4.00e+00,4.00e-01,
503,-2.00e+00,-2.00e-01,
504,-4.00e+00,4.00e-01,
505,-2.00e+00,-2.00e-01,
506,-4.00e+00,4.00e-01,
507,0.00e+00,-2.00e-01,
508,-4.00e+00,4.00e-01,
509,0.00e+00,-2.00e-01,
510,-4.00e+00,4.00e-01,
511,0.00e+00,-2.00e-01,
512,-4.00e+00,4.00e-01,
513,0.00e+00,-2.00e-01,
514,-2.00e+00,4.00e-01,
515,-4.00e+00,-2.00e-01,
516,-4.00e+00,4.00e-01,
517,0.00e+00,-2.00e-01,
518,-4.00e+00,4.00e-01,
519,-2.00e+00,-2.00e-01,
520,-4.00e+00,4.00e-01,
521,0.00e+00,-2.00e-01,
522,-4.00e+00,4.00e-01,
523,0.00e+00,-2.00e-01,
524,-4.00e+00,4.00e-01,
525,-2.00e+00,-2.00e-01,
526,-4.00e+00,4.00e-01,
527,0.00e+00,-2.00e-01,
528,-2.00e+00,4.00e-01,
529,-4.00e+00,-2.00e-01,
530,-4.00e+00,0.00e+00,
531,-2.00e+00,4.00e-01,
532,-4.00e+00,4.00e-01,
533,0.00e+00,-2.00e-01,
534,-4.00e+00,4.00e-01,
535,0.00e+00,-2.00e-01,
536,-4.00e+00,4.00e-01,
537,0.00e+00,-2.00e-01,
538,-4.00e+00,4.00e-01,
539,-2.00e+00,-2.00e-01,
540,-4.00e+00,4.00e-01,
541,0.00e+00,-2.00e-01,
542,-4.00e+00,4.00e-01,
543,0.00e+00,0.00e+00,
544,-2.00e+00,-2.00e-01,
545,-4.00e+00,4.00e-01,
546,-4.00e+00,4.00e-01,
547,-2.00e+00,-2.00e-01,
548,-4.00e+00,-2.00e-01,
549,-2.00e+00,4.00e-01,
550,0.00e+00,-2.00e-01,
551,-4.00e+00,4.00e-01,
552,-4.00e+00,-2.00e-01,
553,-2.00e+00,4.00e-01,
554,-2.00e+00,4.00e-01,
555,-4.00e+00,-2.00e-01,
556,-2.00e+00,4.00e-01,
557,-4.00e+00,-2.00e-01,
558,-4.00e+00,-2.00e-01,
559,-2.00e+00,4.00e-01,
560,-2.00e+00,4.00e-01,
561,-4.00e+00,-2.00e-01,
562,-2.00e+00,4.00e-01,
563,-4.00e+00,-2.00e-01,
564,-2.00e+00,4.00e-01,
565,-4.00e+00,-2.00e-01,
566,-4.00e+00,4.00e-01,
567,0.00e+00,-2.00e-01,
568,-4.00e+00,4.00e-01,
569,-2.00e+00,-2.00e-01,
570,-2.00e+00,4.00e-01,
571,-4.00e+00,-2.00e-01,
572,-4.00e+00,0.00e+00,
573,-2.00e+00,4.00e-01,
574,-4.00e+00,4.00e-01,
575,-2.00e+00,-2.00e-01,
576,-4.00e+00,4.00e-01,
577,-2.00e+00,-2.00e-01,
578,-4.00e+00,-2.00e-01,
579,0.00e+00,4.00e-01,
580,-4.00e+00,0.00e+00,
581,0.00e+00,4.00e-01,
582,-4.00e+00,4.00e-01,
583,-2.00e+00,-2.00e-01,
584,-2.00e+00,4.00e-01,
585,-4.00e+00,-2.00e-01,
586,-4.00e+00,4.00e-01,
587,-2.00e+00,-2.00e-01,
588,-4.00e+00,-2.00e-01,
589,0.00e+00,4.00e-01,
590,-8.00e+00,4.00e-01,
591,2.00e+00,-9.20e+00,
592,-4.00e+00,-6.60e+00,
593,0.00e+00,-5.60e+00,
594,-4.00e+00,-6.20e+00,
595,-2.00e+00,-6.80e+00,
596,-4.00e+00,-6.20e+00,
597,-2.00e+00,-7.00e+00,
598,-4.00e+00,-7.20e+00,
599,-2.00e+00,-6.20e+00,
600,2.00e+01,-4.20e+00,
601,8.20e+01,-8.00e+00,
602,6.40e+01,-6.20e+00,
603,7.00e+01,-6.80e+00,
604,6.60e+01,-6.20e+00,
605,7.00e+01,-7.00e+00,
606,7.00e+01,-6.40e+00,
607,6.60e+01,-7.00e+00,
608,6.60e+01,-6.20e+00,
609,7.20e+01,-7.00e+00,
610,6.60e+01,-7.00e+00,
611,7.20e+01,-6.20e+00,
612,7.20e+01,-9.40e+00,
613,-3.60e+01,-4.40e+00,
614,0.00e+00,-6.40e+00,
615,-4.00e+00,-7.20e+00,
616,-4.00e+00,-6.40e+00,
617,0.00e+00,-7.20e+00,
618,-4.00e+00,-7.00e+00,
619,-2.00e+00,-6.20e+00,
620,-2.00e+00,-6.40e+00,
621,-4.00e+00,-7.20e+00,
622,-4.00e+00,-6.40e+00,
623,0.00e+00,-7.20e+00,
624,-4.00e+00,-7.20e+00,
625,0.00e+00,-5.80e+00,
626,-4.00e+00,-6.20e+00,
627,0.00e+00,-7.00e+00,
628,-4.00e+00,-7.00e+00,
629,-2.00e+00,-6.20e+00,
630,-2.00e+00,-7.00e+00,
631,-4.00e+00,-6.20e+00,
632,-4.00e+00,-7.00e+00,
633,-2.00e+00,-6.20e+00,
634,-4.00e+00,-6.40e+00,
635,0.00e+00,-7.20e+00,
636,0.00e+00,-6.40e+00,
637,-6.00e+00,-7.20e+00,
638,-2.00e+00,-7.20e+00,
639,-6.00e+00,-6.40e+00,
640,-4.00e+00,-7.00e+00,
641,0.00e+00,-6.20e+00,
642,-4.00e+00,-7.00e+00,
643,0.00e+00,-6.20e+00,
644,-4.00e+00,-7.00e+00,
645,0.00e+00,-6.20e+00,
646,-2.00e+00,-7.00e+00,
647,-4.00e+00,-6.20e+00,
648,-4.00e+00,-6.20e+00,
649,-2.00e+00,-7.00e+00,
650,-1.00e+01,-7.00e+00,
651,6.00e+00,5.00e+00,
652,-4.00e+00,2.00e-01,
653,0.00e+00,-2.00e-01,
654,-4.00e+00,-2.00e-01,
655,0.00e+00,4.00e-01,
656,-2.00e+00,4.00e-01,
657,-4.00e+00,0.00e+00,
658,-4.00e+00,4.00e-01,
659,-2.00e+00,0.00e+00,
660,-4.00e+00,4.00e-01,
661,-2.00e+00,-2.00e-01,
662,-2.00e+00,4.00e-01,
663,-4.00e+00,0.00e+00,
664,-4.00e+00,4.00e-01,
665,-2.00e+00,-2.00e-01,
666,-4.00e+00,4.00e-01,
667,0.00e+00,-2.00e-01,
668,-2.00e+00,4.00e-01,
669,-4.00e+00,-2.00e-01,
670,-2.00e+00,4.00e-01,
671,-4.00e+00,-2.00e-01,
672,-4.00e+00,0.00e+00,
673,0.00e+00,4.00e-01,
674,-2.00e+00,4.00e-01,
675,-4.00e+00,0.00e+00,
676,-4.00e+00,-2.00e-01,
677,-2.00e+00,4.00e-01,
678,-4.00e+00,4.00e-01,
679,0.00e+00,-2.00e-01,
680,-4.00e+00,4.00e-01,
681,0.00e+00,-2.00e-01,
682,-2.00e+00,4.00e-01,
683,-4.00e+00,-2.00e-01,
684,-4.00e+00,-2.00e-01,
685,0.00e+00,4.00e-01,
686,-2.00e+00,4.00e-01,
687,-4.00e+00,0.00e+00,
688,-4.00e+00,0.00e+00,
689,-2.00e+00,4.00e-01,
690,-4.00e+00,4.00e-01,
691,-2.00e+00,-2.00e-01,
692,-2.00e+00,4.00e-01,
693,-4.00e+00,-2.00e-01,
694,-4.00e+00,4.00e-01,
695,0.00e+00,-2.00e-01,
696,-4.00e+00,4.00e-01,
697,-2.00e+00,-2.00e-01,
698,-4.00e+00,4.00e-01,
699,0.00e+00,0.00e+00,
700,-4.00e+00,4.00e-01,
701,-2.00e+00,-2.00e-01,
702,-2.00e+00,4.00e-01,
703,-4.00e+00,-2.00e-01,
704,-4.00e+00,4.00e-01,
705,-2.00e+00,-2.00e-01,
706,-4.00e+00,-2.00e-01,
707,-2.00e+00,4.00e-01,
708,-4.00e+00,4.00e-01,
709,0.00e+00,-2.00e-01,
710,-2.00e+00,4.00e-01,
711,-4.00e+00,-2.00e-01,
712,-4.00e+00,4.00e-01,
713,0.00e+00,-2.00e-01,
714,-4.00e+00,4.00e-01,
715,0.00e+00,0.00e+00,
716,-4.00e+00,4.00e-01,
717,0.00e+00,-2.00e-01,
718,-2.00e+00,4.00e-01,
719,-4.00e+00,-2.00e-01,
720,-4.00e+00,4.00e-01,
721,-2.00e+00,0.00e+00,
722,-2.00e+00,4.00e-01,
723,-4.00e+00,-2.00e-01,
724,-2.00e+00,-2.00e-01,
725,-6.00e+00,4.00e-01,
726,-4.00e+00,4.00e-01,
727,0.00e+00,-2.00e-01,
728,0.00e+00,6.00e-01,
729,-4.40e+01,-6.00e-01,
730,-2.20e+01,1.00e+00,
731,-3.80e+01,-8.00e-01,
732,-3.40e+01,-2.00e-01,
733,-3.80e+01,4.00e-01,
734,-3.40e+01,4.00e-01,
735,-3.80e+01,-2.00e-01,
736,-4.20e+01,4.00e-01,
737,-3.20e+01,-9.40e+00,
738,-3.80e+01,-5.60e+00,
739,-3.60e+01,-6.80e+00,
740,-4.00e+01,-7.80e+00,
741,1.80e+01,-5.00e+00,
742,-2.00e+00,-6.00e+00,
743,-6.00e+00,-6.80e+00,
744,-2.00e+00,-6.20e+00,
745,-6.00e+00,-7.00e+00,
746,-2.00e+00,-6.40e+00,
747,-4.00e+00,-7.20e+00,
748,6.00e+00,-7.00e+00,
749,-1.00e+01,4.80e+00,
750,-4.00e+00,2.00e-01,
751,0.00e+00,-2.00e-01,
752,0.00e+00,4.00e-01,
753,-4.00e+00,-2.00e-01,
754,-4.00e+00,-2.00e-01,
755,0.00e+00,6.00e-01,
756,-4.00e+00,4.00e-01,
757,0.00e+00,-2.00e-01,
758,-4.00e+00,4.00e-01,
759,0.00e+00,-2.00e-01,
760,-4.00e+00,4.00e-01,
761,0.00e+00,-2.00e-01,
762,-2.00e+00,4.00e-01,
763,-4.00e+00,-2.00e-01,
764,-4.00e+00,4.00e-01,
765,-2.00e+00,0.00e+00,
766,-2.00e+00,4.00e-01,
767,-4.00e+00,-2.00e-01,
768,-4.00e+00,4.00e-01,
769,-2.00e+00,-2.00e-01,
770,-4.00e+00,4.00e-01,
771,-2.00e+00,-2.00e-01,
772,-4.00e+00,4.00e-01,
773,0.00e+00,-2.00e-01,
774,-4.00e+00,0.00e+00,
775,-2.00e+00,4.00e-01,
776,-4.00e+00,4.00e-01,
777,-2.00e+00,-2.00e-01,
778,-4.00e+00,4.00e-01,
779,0.00e+00,-2.00e-01,
780,-4.00e+00,0.00e+00,
781,0.00e+00,4.00e-01,
782,-4.00e+00,4.00e-01,
783,0.00e+00,0.00e+00,
784,-4.00e+00,4.00e-01,
785,-2.00e+00,-2.00e-01,
786,-4.00e+00,4.00e-01,
787,0.00e+00,-2.00e-01,
788,-4.00e+00,4.00e-01,
789,0.00e+00,-2.00e-01,
790,-4.00e+00,4.00e-01,
791,-2.00e+00,0.00e+00,
792,-4.00e+00,4.00e-01,
793,-2.00e+00,-2.00e-01,
794,-4.00e+00,4.00e-01,
795,0.00e+00,-2.00e-01,
796,-4.00e+00,4.00e-01,
797,0.00e+00,-2.00e-01,
798,-4.00e+00,4.00e-01,
799,-2.00e+00,-2.00e-01,
800,-4.00e+00,4.00e-01,
801,-2.00e+00,-2.00e-01,
802,-4.00e+00,4.00e-01,
803,-2.00e+00,-2.00e-01,
804,-4.00e+00,4.00e-01,
805,0.00e+00,-2.00e-01,
806,-2.00e+00,4.00e-01,
807,-4.00e+00,-2.00e-01,
808,-4.00e+00,4.00e-01,
809,-2.00e+00,-2.00e-01,
810,-2.00e+00,4.00e-01,
811,-4.00e+00,-2.00e-01,
812,-4.00e+00,4.00e-01,
813,-2.00e+00,-2.00e-01,
814,-4.00e+00,4.00e-01,
815,0.00e+00,-2.00e-01,
816,-4.00e+00,4.00e-01,
817,0.00e+00,-2.00e-01,
818,-4.00e+00,0.00e+00,
819,-2.00e+00,4.00e-01,
820,-4.00e+00,4.00e-01,
821,0.00e+00,-2.00e-01,
822,-4.00e+00,0.00e+00,
823,0.00e+00,4.00e-01,
824,-4.00e+00,4.00e-01,
825,0.00e+00,-2.00e-01,
826,-4.00e+00,-2.00e-01,
827,-2.00e+00,4.00e-01,
828,-2.00e+00,0.00e+00,
829,-4.00e+00,4.00e-01,
830,-4.00e+00,4.00e-01,
831,0.00e+00,-2.00e-01,
832,-4.00e+00,4.00e-01,
833,0.00e+00,-2.00e-01,
834,-2.00e+00,4.00e-01,
835,-4.00e+00,-2.00e-01,
836,-4.00e+00,-2.00e-01,
837,0.00e+00,4.00e-01,
838,-4.00e+00,4.00e-01,
839,0.00e+00,-2.00e-01,
840,-4.00e+00,4.00e-01,
841,0.00e+00,-2.00e-01,
842,-2.00e+00,0.00e+00,
843,-4.00e+00,4.00e-01,
844,-4.00e+00,0.00e+00,
845,0.00e+00,4.00e-01,
846,-4.00e+00,4.00e-01,
847,0.00e+00,-2.00e-01,
848,-4.00e+00,4.00e-01,
849,0.00e+00,-2.00e-01,
850,-4.00e+00,0.00e+00,
851,-2.00e+00,4.00e-01,
852,-2.00e+00,4.00e-01,
853,-4.00e+00,-2.00e-01,
854,-4.00e+00,4.00e-01,
855,0.00e+00,-2.00e-01,
856,-4.00e+00,4.00e-01,
857,0.00e+00,-2.00e-01,
858,-4.00e+00,4.00e-01,
859,0.00e+00,-2.00e-01,
860,-4.00e+00,-2.00e-01,
861,0.00e+00,4.00e-01,
862,-4.00e+00,4.00e-01,
863,0.00e+00,-2.00e-01,
864,-4.00e+00,4.00e-01,
865,-2.00e+00,-2.00e-01,
866,-4.00e+00,4.00e-01,
867,0.00e+00,-2.00e-01,
868,-4.00e+00,-2.00e-01,
869,-2.00e+00,4.00e-01,
870,-4.00e+00,0.00e+00,
871,-2.00e+00,4.00e-01,
872,-4.00e+00,4.00e-01,
873,0.00e+00,-2.00e-01,
874,-4.00e+00,4.00e-01,
875,0.00e+00,-2.00e-01,
876,-2.00e+00,4.00e-01,
877,-4.00e+00,-2.00e-01,
878,-4.00e+00,-2.00e-01,
879,0.00e+00,4.00e-01,
880,-4.00e+00,4.00e-01,
881,-2.00e+00,-2.00e-01,
882,-4.00e+00,0.00e+00,
883,-2.00e+00,4.00e-01,
884,-4.00e+00,4.00e-01,
885,0.00e+00,-2.00e-01,
886,-2.00e+00,4.00e-01,
887,-4.00e+00,-2.00e-01,
888,-4.00e+00,0.00e+00,
889,0.00e+00,4.00e-01,
890,-4.00e+00,0.00e+00,
891,0.00e+00,4.00e-01,
892,-4.00e+00,4.00e-01,
893,0.00e+00,-2.00e-01,
894,-4.00e+00,4.00e-01,
895,-2.00e+00,-2.00e-01,
896,-2.00e+00,4.00e-01,
897,-4.00e+00,-2.00e-01,
898,-4.00e+00,4.00e-01,
899,0.00e+00,-2.00e-01,
900,-4.00e+00,4.00e-01,
901,0.00e+00,-2.00e-01,
902,-4.00e+00,4.00e-01,
903,-2.00e+00,-2.00e-01,
904,-4.00e+00,4.00e-01,
905,-2.00e+00,-2.00e-01,
906,-4.00e+00,4.00e-01,
907,0.00e+00,-2.00e-01,
908,-4.00e+00,4.00e-01,
909,0.00e+00,-2.00e-01,
910,-4.00e+00,0.00e+00,
911,0.00e+00,4.00e-01,
912,-4.00e+00,4.00e-01,
913,0.00e+00,-2.00e-01,
914,-4.00e+00,0.00e+00,
915,0.00e+00,4.00e-01,
916,-4.00e+00,0.00e+00,
917,0.00e+00,4.00e-01,
918,-4.00e+00,4.00e-01,
919,0.00e+00,-2.00e-01,
920,-4.00e+00,4.00e-01,
921,0.00e+00,-2.00e-01,
922,0.00e+00,4.00e-01,
923,-4.00e+00,-2.00e-01,
924,-4.00e+00,4.00e-01,
925,0.00e+00,-2.00e-01,
926,-4.00e+00,4.00e-01,
927,0.00e+00,-2.00e-01,
928,-2.00e+00,4.00e-01,
929,-4.00e+00,-2.00e-01,
930,-2.00e+00,4.00e-01,
931,-4.00e+00,-2.00e-01,
932,-4.00e+00,4.00e-01,
933,-2.00e+00,-2.00e-01,
934,-4.00e+00,4.00e-01,
935,-2.00e+00,-2.00e-01,
936,-4.00e+00,4.00e-01,
937,0.00e+00,-2.00e-01,
938,-4.00e+00,4.00e-01,
939,0.00e+00,-2.00e-01,
940,-2.00e+00,4.00e-01,
941,-4.00e+00,-2.00e-01,
942,-4.00e+00,4.00e-01,
943,0.00e+00,-2.00e-01,
944,-4.00e+00,4.00e-01,
945,0.00e+00,-2.00e-01,
946,-4.00e+00,4.00e-01,
947,0.00e+00,-2.00e-01,
948,-4.00e+00,4.00e-01,
949,0.00e+00,-2.00e-01,
950,-2.00e+00,4.00e-01,
951,-4.00e+00,-2.00e-01,
952,-4.00e+00,4.00e-01,
953,0.00e+00,-2.00e-01,
954,-4.00e+00,4.00e-01,
955,0.00e+00,-2.00e-01,
956,-4.00e+00,4.00e-01,
957,-2.00e+00,-2.00e-01,
958,-4.00e+00,-2.00e-01,
959,0.00e+00,4.00e-01,
960,-4.00e+00,4.00e-01,
961,-2.00e+00,-2.00e-01,
962,-4.00e+00,4.00e-01,
963,0.00e+00,-2.00e-01,
964,-4.00e+00,4.00e-01,
965,0.00e+00,-2.00e-01,
966,-2.00e+00,4.00e-01,
967,-4.00e+00,-2.00e-01,
968,-4.00e+00,-2.00e-01,
969,0.00e+00,4.00e-01,
970,-4.00e+00,4.00e-01,
971,0.00e+00,-2.00e-01,
972,-4.00e+00,4.00e-01,
973,-2.00e+00,-2.00e-01,
974,-4.00e+00,4.00e-01,
975,-2.00e+00,-2.00e-01,
976,-4.00e+00,4.00e-01,
977,-2.00e+00,-2.00e-01,
978,-4.00e+00,4.00e-01,
979,0.00e+00,-2.00e-01,
980,-4.00e+00,4.00e-01,
981,0.00e+00,-2.00e-01,
982,-4.00e+00,-2.00e-01,
983,-2.00e+00,4.00e-01,
984,-4.00e+00,4.00e-01,
985,0.00e+00,-2.00e-01,
986,-4.00e+00,4.00e-01,
987,0.00e+00,-2.00e-01,
988,-4.00e+00,4.00e-01,
989,0.00e+00,-2.00e-01,
990,-4.00e+00,-2.00e-01,
991,-2.00e+00,4.00e-01,
992,-4.00e+00,4.00e-01,
993,0.00e+00,-2.00e-01,
994,-4.00e+00,4.00e-01,
995,0.00e+00,-2.00e-01,
996,-4.00e+00,0.00e+00,
997,0.00e+00,4.00e-01,
998,-4.00e+00,4.00e-01,
999,0.00e+00,-2.00e-01,
1000,-4.00e+00,4.00e-01,
1001,-2.00e+00,-2.00e-01,
1002,-4.00e+00,4.00e-01,
1003,-2.00e+00,-2.00e-01,
1004,-4.00e+00,-2.00e-01,
1005,-2.00e+00,4.00e-01,
1006,-4.00e+00,4.00e-01,
1007,-2.00e+00,-2.00e-01,
1008,-4.00e+00,4.00e-01,
1009,-2.00e+00,-2.00e-01,
1010,-2.00e+00,0.00e+00,
1011,-4.00e+00,4.00e-01,
1012,-2.00e+00,4.00e-01,
1013,-4.00e+00,-2.00e-01,
1014,-4.00e+00,4.00e-01,
1015,0.00e+00,-2.00e-01,
1016,-4.00e+00,4.00e-01,
1017,0.00e+00,-2.00e-01,
1018,-4.00e+00,0.00e+00,
1019,-2.00e+00,4.00e-01,
1020,-4.00e+00,4.00e-01,
1021,0.00e+00,-2.00e-01,
1022,-4.00e+00,0.00e+00,
1023,0.00e+00,4.00e-01,
1024,-4.00e+00,4.00e-01,
1025,-2.00e+00,-2.00e-01,
1026,-4.00e+00,-2.00e-01,
1027,0.00e+00,4.00e-01,
1028,-4.00e+00,-2.00e-01,
1029,-2.00e+00,4.00e-01,
1030,-4.00e+00,4.00e-01,
1031,0.00e+00,-2.00e-01,
1032,-4.00e+00,4.00e-01,
1033,0.00e+00,-2.00e-01,
1034,-2.00e+00,4.00e-01,
1035,-4.00e+00,-2.00e-01,
1036,-4.00e+00,4.00e-01,
1037,0.00e+00,-2.00e-01,
1038,-4.00e+00,4.00e-01,
1039,-2.00e+00,-2.00e-01,
1040,-4.00e+00,4.00e-01,
1041,-2.00e+00,-2.00e-01,
1042,-4.00e+00,4.00e-01,
1043,-2.00e+00,0.00e+00,
1044,0.00e+00,4.00e-01,
1045,-4.00e+00,-2.00e-01,
1046,-4.00e+00,0.00e+00,
1047,0.00e+00,4.00e-01,
1048,-4.00e+00,4.00e-01,
1049,0.00e+00,-2.00e-01,
1050,-4.00e+00,-2.00e-01,
1051,0.00e+00,4.00e-01,
1052,-4.00e+00,4.00e-01,
1053,0.00e+00,-2.00e-01,
1054,-4.00e+00,6.00e-01,
1055,0.00e+00,-2.00e-01,
1056,-4.00e+00,4.00e-01,
1057,-2.00e+00,-2.00e-01,
1058,-2.00e+00,-8.00e-01,
1059,-4.40e+01,1.00e+00,
1060,-3.40e+01,2.00e-01,
1061,-3.80e+01,-2.00e-01,
1062,-3.80e+01,0.00e+00,
1063,-3.40e+01,4.00e-01,
1064,-3.40e+01,4.00e-01,
1065,-4.20e+01,-9.20e+00,
1066,-3.40e+01,-4.60e+00,
1067,-4.20e+01,-7.20e+00,
1068,-4.00e+01,-5.00e+00,
1069,1.80e+01,-7.80e+00,
1070,0.00e+00,-7.20e+00,
1071,-8.00e+00,-5.60e+00,
1072,-2.00e+00,-6.20e+00,
1073,-4.00e+00,-7.00e+00,
1074,-4.00e+00,-7.00e+00,
1075,-2.00e+00,-6.40e+00,
1076,6.00e+00,-7.20e+00,
1077,-1.00e+01,5.20e+00,
1078,-4.00e+00,-6.00e-01,
1079,0.00e+00,4.00e-01,
1080,-4.00e+00,-2.00e-01,
1081,0.00e+00,4.00e-01,
1082,-2.00e+00,-2.00e-01,
1083,-4.00e+00,4.00e-01,
1084,-4.00e+00,4.00e-01,
1085,0.00e+00,0.00e+00,
1086,-2.00e+00,4.00e-01,
1087,-4.00e+00,-2.00e-01,
1088,-4.00e+00,4.00e-01,
1089,0.00e+00,0.00e+00,
1090,-4.00e+00,4.00e-01,
1091,-2.00e+00,-2.00e-01,
1092,-4.00e+00,4.00e-01,
1093,0.00e+00,0.00e+00,
1094,-4.00e+00,4.00e-01,
1095,-2.00e+00,-2.00e-01,
1096,-4.00e+00,4.00e-01,
1097,0.00e+00,-2.00e-01,
1098,-4.00e+00,4.00e-01,
1099,0.00e+00,-2.00e-01,
1100,-4.00e+00,-2.00e-01,
1101,0.00e+00,4.00e-01,
1102,-4.00e+00,4.00e-01,
1103,-2.00e+00,-2.00e-01,
1104,-4.00e+00,4.00e-01,
1105,-2.00e+00,0.00e+00,
1106,-2.00e+00,4.00e-01,
1107,-4.00e+00,0.00e+00,
1108,-4.00e+00,4.00e-01,
1109,0.00e+00,-2.00e-01,
1110,-4.00e+00,4.00e-01,
1111,0.00e+00,-2.00e-01,
1112,-2.00e+00,4.00e-01,
1113,-4.00e+00,-2.00e-01,
1114,-4.00e+00,4.00e-01,
1115,0.00e+00,-2.00e-01,
1116,-4.00e+00,0.00e+00,
1117,0.00e+00,4.00e-01,
1118,-4.00e+00,4.00e-01,
1119,0.00e+00,-2.00e-01,
1120,-4.00e+00,4.00e-01,
1121,0.00e+00,-2.00e-01,
1122,-4.00e+00,-2.00e-01,
1123,-2.00e+00,4.00e-01,
1124,-4.00e+00,4.00e-01,
1125,0.00e+00,-2.00e-01,
1126,-4.00e+00,0.00e+00,
1127,-2.00e+00,4.00e-01,
1128,-4.00e+00,4.00e-01,
1129,0.00e+00,-2.00e-01,
1130,-4.00e+00,4.00e-01,
1131,0.00e+00,-2.00e-01,
1132,-4.00e+00,4.00e-01,
1133,0.00e+00,-2.00e-01,
1134,-4.00e+00,-2.00e-01,
1135,0.00e+00,4.00e-01,
1136,-4.00e+00,0.00e+00,
1137,0.00e+00,4.00e-01,
1138,-4.00e+00,4.00e-01,
1139,-2.00e+00,-2.00e-01,
1140,-4.00e+00,4.00e-01,
1141,0.00e+00,-2.00e-01,
1142,-4.00e+00,4.00e-01,
1143,0.00e+00,-2.00e-01,
1144,-4.00e+00,4.00e-01,
1145,0.00e+00,-2.00e-01,
1146,-4.00e+00,4.00e-01,
1147,0.00e+00,-2.00e-01,
1148,-2.00e+00,4.00e-01,
1149,-4.00e+00,-2.00e-01,
1150,-4.00e+00,4.00e-01,
1151,-2.00e+00,-2.00e-01,
1152,-4.00e+00,4.00e-01,
1153,0.00e+00,-2.00e-01,
1154,-4.00e+00,4.00e-01,
1155,-2.00e+00,-2.00e-01,
1156,-2.00e+00,0.00e+00,
1157,-4.00e+00,4.00e-01,
1158,-4.00e+00,4.00e-01,
1159,-2.00e+00,-2.00e-01,
1160,-4.00e+00,4.00e-01,
1161,0.00e+00,-2.00e-01,
1162,-4.00e+00,4.00e-01,
1163,-2.00e+00,-2.00e-01,
1164,-4.00e+00,4.00e-01,
1165,0.00e+00,-2.00e-01,
1166,-4.00e+00,4.00e-01,
1167,0.00e+00,-2.00e-01,
1168,-4.00e+00,4.00e-01,
1169,0.00e+00,-2.00e-01,
1170,-4.00e+00,4.00e-01,
1171,0.00e+00,-2.00e-01,
1172,-4.00e+00,4.00e-01,
1173,-2.00e+00,-2.00e-01,
1174,-4.00e+00,4.00e-01,
1175,0.00e+00,-2.00e-01,
1176,-4.00e+00,-2.00e-01,
1177,-2.00e+00,4.00e-01,
1178,-4.00e+00,4.00e-01,
1179,-2.00e+00,0.00e+00,
1180,-4.00e+00,4.00e-01,
1181,0.00e+00,-2.00e-01,
1182,-4.00e+00,4.00e-01,
1183,-2.00e+00,-2.00e-01,
1184,-4.00e+00,4.00e-01,
1185,0.00e+00,-2.00e-01,
1186,-2.00e+00,4.00e-01,
1187,-4.00e+00,0.00e+00,
1188,-4.00e+00,4.00e-01,
1189,0.00e+00,0.00e+00,
1190,-4.00e+00,4.00e-01,
1191,0.00e+00,-2.00e-01,
1192,-2.00e+00,4.00e-01,
1193,-4.00e+00,-2.00e-01,
1194,-4.00e+00,4.00e-01,
1195,0.00e+00,-2.00e-01,
1196,-4.00e+00,4.00e-01,
1197,0.00e+00,-2.00e-01,
1198,-4.00e+00,0.00e+00,
1199,0.00e+00,4.00e-01,
